Nombre, Precio
,
Price and other details may vary based on product size and color.,
Skillmatics Educational Game - I Can Write, Reusable Activity Mats with 2 Dry Erase Markers, Gifts for Ages 3 to 6 Skillmatics Educational Game - I Can Write, Reusable Activity Mats with 2 Dry Erase Markers, Gifts for Ages 3 to 6 $24.97$24.97,$24.97
Don Clemente Autentica Loteria Mexican Bingo Set 20 Tablets Colorful and Educational Don Clemente Autentica Loteria Mexican Bingo Set 20 Tablets Colorful and Educational $7.23$7.23 List: $8.75$8.75,$7.23 $8.75
Anbalulu Magnetic Tiles for Kids, Stacking Blocks, Preschool Stem Construction Building Set 100 Pcs Anbalulu Magnetic Tiles for Kids, Stacking Blocks, Preschool Stem Construction Building Set 100 Pcs $39.30$39.30 List: $69.99$69.99,$39.30 $69.99
PRO-SPIN All-in-One Portable Ping Pong Paddles Set | Table Tennis Set with Retractable Ping Pong Net (Up to 72" Wide) | Premium Paddles, 3-Star Balls | Storage Case | Family Fun | Gift PRO-SPIN All-in-One Portable Ping Pong Paddles Set | Table Tennis Set with Retractable Ping Pong Net (Up to 72" Wide) | Premium Paddles, 3-Star Balls | Storage Case | Family Fun | Gift $17.99$17.99-$49.99$49.99,$17.99 $49.99
,
YoYa Toys Beadeez Squishy Stress Relief Balls (3 Pack) - Colorful Squeeze Stretch Balls with Water Beads - Sensory Fidget Toys for Kids and Adults - Increase Focus, Great for ADHD, Autism, Anxiety YoYa Toys Beadeez Squishy Stress Relief Balls (3 Pack) - Colorful Squeeze Stretch Balls with Water Beads - Sensory Fidget Toys for Kids and Adults - Increase Focus, Great for ADHD, Autism, Anxiety $15.99$15.99 Was: $17.99$17.99,$15.99 $17.99
USAOPOLY TAPPLE® Word Game | Fast-Paced Family Board Game | Choose a Category & Race Against The Timer to be The Last Player | Learning Game Great for All Ages USAOPOLY TAPPLE® Word Game | Fast-Paced Family Board Game | Choose a Category & Race Against The Timer to be The Last Player | Learning Game Great for All Ages $19.79$19.79 List: $21.99$21.99,$19.79 $21.99
Twister Ultimate: Bigger Mat, More Colored Spots, Family, Kids Party Game Age 6+; Compatible with Alexa (Amazon Exclusive) Twister Ultimate: Bigger Mat, More Colored Spots, Family, Kids Party Game Age 6+; Compatible with Alexa (Amazon Exclusive) $21.93$21.93,$21.93
Elite Sportz Ring Toss Games for Kids - Outdoor Yard Game for Adults & Family - Backyard Toys, Outdoor Games, Yard Games, Backyard Games, Lawn Games, Outdoor Toys For Kids Ages 4-8, Outdoor Toys Elite Sportz Ring Toss Games for Kids - Outdoor Yard Game for Adults & Family - Backyard Toys, Outdoor Games, Yard Games, Backyard Games, Lawn Games, Outdoor Toys For Kids Ages 4-8, Outdoor Toys $19.61$19.61 List: $29.97$29.97,$19.61 $29.97
IJO Double Sided Dart Board 29 inch with 12 Sticky Balls-Boys Girls Toys-Indoor/Outdoor Target Game-Party Games for 3 4 5 6 7 8 9 10 11 12 Years Old Boys Girls Childrens IJO Double Sided Dart Board 29 inch with 12 Sticky Balls-Boys Girls Toys-Indoor/Outdoor Target Game-Party Games for 3 4 5 6 7 8 9 10 11 12 Years Old Boys Girls Childrens $11.99$11.99,$11.99
Lingle 15Inch Wooden Folding Chess Set with 3'' Kh Staunton Chess Pieces - Maple & Walnut Inlay Board Game Lingle 15Inch Wooden Folding Chess Set with 3'' Kh Staunton Chess Pieces - Maple & Walnut Inlay Board Game $22.98$22.98 Was: $27.99$27.99,$22.98 $27.99
Pokemon Battle Academy 2 Board Game Pokemon Battle Academy 2 Board Game $14.99$14.99 List: $23.95$23.95,$14.99 $23.95
,
STEAM STUDIO Premium Magnetic Tiles Rivets & Large Strong Magnets, BPA Free Kids Toys, Building Blocks Toddler Toys for Boys Girls, Building & Construction Toys (110 pcs) STEAM STUDIO Premium Magnetic Tiles Rivets & Large Strong Magnets, BPA Free Kids Toys, Building Blocks Toddler Toys for Boys Girls, Building & Construction Toys (110 pcs) $49.99$49.99 Was: $66.99$66.99,$49.99 $66.99
IJO 4 Pack LED Light Airplane Toys-17.5" Large Throwing Foam Plane-2 Flight Modes Glider Plane-Outdoor Flying Toys for Kids-Flying Toys Gift for Boys Girls 3 4 5 6 7 8 9 Years Old IJO 4 Pack LED Light Airplane Toys-17.5" Large Throwing Foam Plane-2 Flight Modes Glider Plane-Outdoor Flying Toys for Kids-Flying Toys Gift for Boys Girls 3 4 5 6 7 8 9 Years Old $20.99$20.99 List: $29.99$29.99,$20.99 $29.99
FITZ - ¡Dios Mio! Bilingual Fun Card Game - Juegos de mesa en español - A Comedy Party Tarjeta Game NSFW - 350 Muy Graciosa Cards - Spanish Board Game - Party Games FITZ - ¡Dios Mio! Bilingual Fun Card Game - Juegos de mesa en español - A Comedy Party Tarjeta Game NSFW - 350 Muy Graciosa Cards - Spanish Board Game - Party Games $24.99$24.99,$24.99
Don Clemente Serpientes Y Escaleras Authentic Mexican Game Don Clemente Serpientes Y Escaleras Authentic Mexican Game $9.38$9.38 Was: $9.90$9.90,$9.38 $9.90
Jalunth Ball Catch Set Games Toss Paddle - Beach Toys Back Yard Outdoor Pool Backyard Throw Sticky Set Age 3 4 5 6 7 8 9 10 11 12 Years Old Boys Girls Kids Adults Family Outside Easter Gifts Green Jalunth Ball Catch Set Games Toss Paddle - Beach Toys Back Yard Outdoor Pool Backyard Throw Sticky Set Age 3 4 5 6 7 8 9 10 11 12 Years Old Boys Girls Kids Adults Family Outside Easter Gifts Green $26.99$26.99,$26.99
Baby Shower Loteria Bingo in Spanish, for 20 Players Baby Shower Loteria Bingo in Spanish, for 20 Players $14.10$14.10,$14.10
El Juego Perfecto (The Perfect Game) Audio English & Spanish with Spanish Subtitles El Juego Perfecto (The Perfect Game) Audio English & Spanish with Spanish Subtitles $19.99$19.99,$19.99
UNO Minecraft Card Game Videogame-Themed Collectors Deck 112 Cards With Character Images, Gift For Fans Ages 7 Years Old & Up UNO Minecraft Card Game Videogame-Themed Collectors Deck 112 Cards With Character Images, Gift For Fans Ages 7 Years Old & Up $6.99$6.99,$6.99
Jenga Classic Game with Genuine Hardwood Blocks, Stacking Tower Game for 1 or More Players, Kids Ages 6 and Up Jenga Classic Game with Genuine Hardwood Blocks, Stacking Tower Game for 1 or More Players, Kids Ages 6 and Up $12.44$12.44 List: $15.99$15.99,$12.44 $15.99
Regal Games - Reversible Wooden Board for Chess, Checkers & Tic-Tac-Toe - 24 Interlocking Wooden Checkers and 32 Standard Chess Pieces - for Age 8 to Adult for Family Fun Regal Games - Reversible Wooden Board for Chess, Checkers & Tic-Tac-Toe - 24 Interlocking Wooden Checkers and 32 Standard Chess Pieces - for Age 8 to Adult for Family Fun $22.99$22.99,$22.99
Rechargeable Game Activity Cube - 9 Fun Brain & Memory Games - Cool Toys for Boys and Girls - Christmas/Birthday Gifts for Ages 6-12+ Year Old Kids Tweens & Teens - Best Boy & Girl Toy Gift Ideas Rechargeable Game Activity Cube - 9 Fun Brain & Memory Games - Cool Toys for Boys and Girls - Christmas/Birthday Gifts for Ages 6-12+ Year Old Kids Tweens & Teens - Best Boy & Girl Toy Gift Ideas $39.99$39.99,$39.99
Great Boy Handheld Game Console for Kids Preloaded 270 Classic Retro Games with 3.0'' Color Display and Gamepad Rechargeable Arcade Gaming Player (Blue) Great Boy Handheld Game Console for Kids Preloaded 270 Classic Retro Games with 3.0'' Color Display and Gamepad Rechargeable Arcade Gaming Player (Blue) $32.98$32.98 List: $39.98$39.98,$32.98 $39.98
Leader Accessories Unicorn/Elephant/Crocodile Sprinkler Inflatable Water Toys(Crocodile Sprinkler) Leader Accessories Unicorn/Elephant/Crocodile Sprinkler Inflatable Water Toys(Crocodile Sprinkler) $19.99$19.99,$19.99
CuteTiger Mangetic Tiles, 100PCS Magnet Building Toys, Magnetic Building Set for Kids, Stacking Blocks, Prefect STEM Toys Gift for Boys and Girls CuteTiger Mangetic Tiles, 100PCS Magnet Building Toys, Magnetic Building Set for Kids, Stacking Blocks, Prefect STEM Toys Gift for Boys and Girls $49.99$49.99,$49.99
Connect 4 Classic Grid , 4 in a Row Game, Strategy Board Games for Kids, 2 Player . for Family and Kids, Ages 6 and Up Connect 4 Classic Grid , 4 in a Row Game, Strategy Board Games for Kids, 2 Player . for Family and Kids, Ages 6 and Up $7.50$7.50 List: $11.99$11.99,$7.50 $11.99
Pressman Mancala - Real Wood Folding Set, with Multicolor Stones by Pressman Pressman Mancala - Real Wood Folding Set, with Multicolor Stones by Pressman $9.99$9.99 List: $14.99$14.99,$9.99 $14.99
SEQUENCE- Original SEQUENCE Game with Folding Board, Cards and Chips by Jax ( Packaging may Vary ) White, 10.3" x 8.1" x 2.31" SEQUENCE- Original SEQUENCE Game with Folding Board, Cards and Chips by Jax ( Packaging may Vary ) White, 10.3" x 8.1" x 2.31" $13.99$13.99 List: $24.99$24.99,$13.99 $24.99
UNO Card Game for Family Night, Travel Game & Gift for Kids In a Collectible Storage Tin for 2-10 Players [Amazon Exclusive] UNO Card Game for Family Night, Travel Game & Gift for Kids In a Collectible Storage Tin for 2-10 Players [Amazon Exclusive] $10.75$10.75,$10.75
24 Inch Spinning Wheel, 14 Slots Color Prize Wheel with Dry Erase Markers and Eraser, Spin Wheel For Prizes with Stand - Tabletop or Floor, Wheel of Fortune Game for Carnival, Game Casino & Trade Show 24 Inch Spinning Wheel, 14 Slots Color Prize Wheel with Dry Erase Markers and Eraser, Spin Wheel For Prizes with Stand - Tabletop or Floor, Wheel of Fortune Game for Carnival, Game Casino & Trade Show $79.99$79.99 List: $98.99$98.99,$79.99 $98.99
UNO Card Game (2 Pack) UNO Card Game (2 Pack) $10.08$10.08 Was: $10.79$10.79,$10.08 $10.79
Hedbanz Picture Guessing Board Game New Edition, for Families and Kids Ages 8 and up Hedbanz Picture Guessing Board Game New Edition, for Families and Kids Ages 8 and up $13.99$13.99 List: $17.99$17.99,$13.99 $17.99
Classic Operation Game Classic Operation Game $14.99$14.99 List: $22.99$22.99,$14.99 $22.99
Melissa & Doug Suspend Family Game (31 pcs) - Wire Balance Game, Family Game Night Activities, For Kids Ages 8+ Melissa & Doug Suspend Family Game (31 pcs) - Wire Balance Game, Family Game Night Activities, For Kids Ages 8+ $18.67$18.67 List: $22.99$22.99,$18.67 $22.99
SWOOC Games - XL Giant 4 in A Row (4ft x 3ft) - All Weather with Carrying Case and Noise Reducing Design - 60% Quieter - Giant Connect 4 Discs to Win - Giant Outdoor Games for Family - Jumbo Games SWOOC Games - XL Giant 4 in A Row (4ft x 3ft) - All Weather with Carrying Case and Noise Reducing Design - 60% Quieter - Giant Connect 4 Discs to Win - Giant Outdoor Games for Family - Jumbo Games $199.99$199.99,$199.99
BUSCBEAR Toy 1000 Pieces Jigsaw Puzzle Game Oil Painting Collection Klimt The Kiss BUSCBEAR Toy 1000 Pieces Jigsaw Puzzle Game Oil Painting Collection Klimt The Kiss $14.99$14.99 Was: $16.99$16.99,$14.99 $16.99
Duck Shooting Toys for Kids 3-5 Years, 2 Packs of Toy Foam Blasters with Movable Target, Interactive Competition Game Gift for Boys and Girls Ages 6 7 8 9+ Years Old Duck Shooting Toys for Kids 3-5 Years, 2 Packs of Toy Foam Blasters with Movable Target, Interactive Competition Game Gift for Boys and Girls Ages 6 7 8 9+ Years Old $29.99$29.99,$29.99
Google Play gift code - give the gift of games, apps and more (Email Delivery - US Only) Google Play gift code - give the gift of games, apps and more (Email Delivery - US Only) $25.00$25.00,$25.00
Regal Games - Deluxe Bingo Set - Includes Bingo Cage, Master Board, 18 Mixed Cards, 75 Calling Balls, Colorful Chips - Ideal for Large Groups, Parties Regal Games - Deluxe Bingo Set - Includes Bingo Cage, Master Board, 18 Mixed Cards, 75 Calling Balls, Colorful Chips - Ideal for Large Groups, Parties $19.99$19.99 List: $22.99$22.99,$19.99 $22.99
Squid Toys Action Figures Building Kit, Popular TV Building Sets, with 6 Cute Characters, Collectible Model, Valentines Day Gifts for Kids or Friends (436 Pieces) Squid Toys Action Figures Building Kit, Popular TV Building Sets, with 6 Cute Characters, Collectible Model, Valentines Day Gifts for Kids or Friends (436 Pieces) $13.98$13.98,$13.98
Pin the Pacifier on the Baby Game - Baby Shower Party Favors and Game - Pin the Dummy on the Baby Game Pin the Pacifier on the Baby Game - Baby Shower Party Favors and Game - Pin the Dummy on the Baby Game $8.99$8.99 List: $16.00$16.00,$8.99 $16.00
UNO - Classic Colour & Number Matching Card Game - 112 Cards - Customizable & Erasable Wild - Special Action Cards Included - Gift for Kids 7+, W2087 UNO - Classic Colour & Number Matching Card Game - 112 Cards - Customizable & Erasable Wild - Special Action Cards Included - Gift for Kids 7+, W2087 $5.99$5.99 List: $12.99$12.99,$5.99 $12.99
Anbalulu Magnetic Tiles, Magnetic Blocks for Kids, Magnet Building Set, Stacking Blocks, Preschool Stem Construction Building Set… Anbalulu Magnetic Tiles, Magnetic Blocks for Kids, Magnet Building Set, Stacking Blocks, Preschool Stem Construction Building Set… $26.99$26.99 Was: $36.99$36.99,$26.99 $36.99
UREC Magnetic Tiles, Safe and Sturdy Magnet Tiles Magnetic Building Block Toys for Kids Ages 4-8, STEM Stacking Toys for Toddlers 3+, Preschool Sensory Learning Toys - Boys Girls Birthday Gifts UREC Magnetic Tiles, Safe and Sturdy Magnet Tiles Magnetic Building Block Toys for Kids Ages 4-8, STEM Stacking Toys for Toddlers 3+, Preschool Sensory Learning Toys - Boys Girls Birthday Gifts $47.98$47.98,$47.98
yeesport Speed Stacking Cups Game: 24pcs Cup Stacking Set, Sports Stacking Cups Speed Training for Party Challenge Competition Travel Game, Gift Idea for Stack Games Lover (Red & Purple) yeesport Speed Stacking Cups Game: 24pcs Cup Stacking Set, Sports Stacking Cups Speed Training for Party Challenge Competition Travel Game, Gift Idea for Stack Games Lover (Red & Purple) $17.97$17.97 Was: $18.97$18.97,$17.97 $18.97
Sony PlayStation Vita Wi-Fi (Renewed) Sony PlayStation Vita Wi-Fi (Renewed) Jun 19, 2014 $269.98$269.98,$269.98
Sorry! Game Sorry! Game $7.50$7.50 List: $11.99$11.99,$7.50 $11.99
Bluey - Shadowlands Board Game - Family Game Night, Unpredictable - Engaging Fun for All - Collect All 5 Cupcake Cards | 2-4 Players | for Ages 3+, Multicolor, 13011 Bluey - Shadowlands Board Game - Family Game Night, Unpredictable - Engaging Fun for All - Collect All 5 Cupcake Cards | 2-4 Players | for Ages 3+, Multicolor, 13011 $34.99$34.99,$34.99
Hasbro Gaming Jenga Wooden Blocks Stacking Tumbling Tower Kids Game Ages 6 and Up (Amazon Exclusive) Hasbro Gaming Jenga Wooden Blocks Stacking Tumbling Tower Kids Game Ages 6 and Up (Amazon Exclusive) $16.99$16.99,$16.99
zeyce Tic Tac Toe Board Game,Tic Tac Toe Family Game, Classic Board Game, Classical Family Board Game,Children's Tic Tac Toe Game, Plastic tic tac Toe Game, Board Size 15 X 15 cm zeyce Tic Tac Toe Board Game,Tic Tac Toe Family Game, Classic Board Game, Classical Family Board Game,Children's Tic Tac Toe Game, Plastic tic tac Toe Game, Board Size 15 X 15 cm $4.99$4.99 Was: $5.99$5.99,$4.99 $5.99
Pressman Toy Pahrcheesi in Box, Red, 5" Pressman Toy Pahrcheesi in Box, Red, 5" $9.85$9.85,$9.85
Regal Games - Premium Double 12 Mexican Train Dominoes in Collector’s Tin - Colored Dot Dominoes Game Set, Family-Friendly - 91 Tiles, 4 Metal Trains, Wooden Hub - 2-8 Players Ages 8+ Regal Games - Premium Double 12 Mexican Train Dominoes in Collector’s Tin - Colored Dot Dominoes Game Set, Family-Friendly - 91 Tiles, 4 Metal Trains, Wooden Hub - 2-8 Players Ages 8+ $29.99$29.99,$29.99
Bottleboom Shooting Game Toys for Boys Age 5 6 7 8 9 10+ Years Old,Foam Popper Guns for 2 Player,Electric Shooting Target & Air Blaster with 24 Foam Bullet Balls Birthday Gift for Kids Girls Bottleboom Shooting Game Toys for Boys Age 5 6 7 8 9 10+ Years Old,Foam Popper Guns for 2 Player,Electric Shooting Target & Air Blaster with 24 Foam Bullet Balls Birthday Gift for Kids Girls $21.99$21.99,$21.99
Hasbro Gaming Trouble Board Game for Kids Ages 5 and Up 2-4 Players Hasbro Gaming Trouble Board Game for Kids Ages 5 and Up 2-4 Players $7.50$7.50 List: $11.99$11.99,$7.50 $11.99
ORCHARD TOYS Moose Games Magic Maths Game. an exciting and spellbinding Math Game. for Ages 5-7 and for 2-4 Players ORCHARD TOYS Moose Games Magic Maths Game. an exciting and spellbinding Math Game. for Ages 5-7 and for 2-4 Players $6.95$6.95 Was: $7.91$7.91,$6.95 $7.91
Conversation Game in Spanish - Why Don't We - Conversar y Conocerse - 120 Cards with Questions, Games, Conversations & More. Fun Game for Adults and Gift for Couples. Conversation Game in Spanish - Why Don't We - Conversar y Conocerse - 120 Cards with Questions, Games, Conversations & More. Fun Game for Adults and Gift for Couples. $22.90$22.90 List: $25.00$25.00,$22.90 $25.00
Noah's Ark Board Game, Don't Rock The Boat, Strategy Balancing Game, Hand-Eye Coordination, Religious Stacking Educational Board Game with Animal Toys Noah's Ark Board Game, Don't Rock The Boat, Strategy Balancing Game, Hand-Eye Coordination, Religious Stacking Educational Board Game with Animal Toys $29.59$29.59 List: $34.99$34.99,$29.59 $34.99
Retro Classic Game Console Wireless HDMI Output System，Built in 10000+ Classic Handheld Video Games 2.4G Wireless Controllers, 9 Emulator Consoles Retro Classic Game Console Wireless HDMI Output System，Built in 10000+ Classic Handheld Video Games 2.4G Wireless Controllers, 9 Emulator Consoles $49.99$49.99,$49.99
Twister Party Classic Board Game for 2 or More Players, Indoor and Outdoor Game for Kids 6 and Up, Packaging may vary Twister Party Classic Board Game for 2 or More Players, Indoor and Outdoor Game for Kids 6 and Up, Packaging may vary $15.99$15.99 List: $19.99$19.99,$15.99 $19.99
Juego De Patriotas (Ed.Especial) [Import espagnol] Juego De Patriotas (Ed.Especial) [Import espagnol] $14.99$14.99,$14.99
Arcade1Up BANDAI NAMCO Legacy Arcade Game Ms. PAC-MAN™ Edition – Arcade Machine for Home - 14 Classic Games Arcade1Up BANDAI NAMCO Legacy Arcade Game Ms. PAC-MAN™ Edition – Arcade Machine for Home - 14 Classic Games Aug 4, 2022 $499.99$499.99,$499.99
Gskyer Telescope, 70mm Aperture 400mm AZ Mount Astronomical Refracting Telescope for Kids Beginners - Travel Telescope with Carry Bag, Phone Adapter and Wireless Remote Gskyer Telescope, 70mm Aperture 400mm AZ Mount Astronomical Refracting Telescope for Kids Beginners - Travel Telescope with Carry Bag, Phone Adapter and Wireless Remote $99.79$99.79 List: $129.99$129.99,$99.79 $129.99
,
,
,
,
